[
    {
        "id": 0,
        "name": "Кусторог",
        "coast": 1299,
        "count": 10
    },
    {
        "id": 1,
        "name": "Паутинолетник",
        "coast": 499,
        "count": 14
    },
    {
        "id": 2,
        "name": "Подпенвик",
        "coast": 199,
        "count": 41
    },
    {
        "id": 3,
        "name": "Алоцвет",
        "coast": 749,
        "count": 71
    },
    {
        "id": 4,
        "name": "Синеница",
        "coast": 819,
        "count": 21
    },
    {
        "id": 5,
        "name": "Ребролозник",
        "coast": 149,
        "count": 18
    }
]